k,t,I,SOC_true,SOC_est,T_true,T_est,H_est,V_true,V_meas,V_est,R0_true,R0_model,R1_true,R1_model,C1_true,C1_model
0,1.00,1.0000,0.79989,0.69685,20.00,24.98,0.03369,3.5238,3.5251,3.5248,0.030802,0.026416,0.006881,0.010446,1455.95,1155.28
1,2.00,1.0000,0.79978,0.73820,20.00,25.00,0.04652,3.5243,3.5406,3.5336,0.030803,0.025953,0.006881,0.010083,1455.89,1173.26
2,3.00,1.0000,0.79967,0.68208,20.00,24.99,0.03058,3.5248,3.5148,3.5234,0.030805,0.026593,0.006882,0.010579,1455.84,1149.11
3,4.00,1.0000,0.79956,0.69990,20.00,24.99,0.03489,3.5252,3.5279,3.5247,0.030807,0.026388,0.006883,0.010421,1455.78,1156.74
4,5.00,1.0000,0.79944,0.72821,20.00,25.00,0.04234,3.5256,3.5379,3.5307,0.030808,0.026068,0.006884,0.010171,1455.73,1168.98
5,6.00,1.0000,0.79933,0.70862,20.00,24.99,0.03810,3.5259,3.5190,3.5253,0.030810,0.026289,0.006884,0.010344,1455.67,1160.51
6,7.00,1.0000,0.79922,0.71227,20.00,24.98,0.03874,3.5262,3.5274,3.5258,0.030812,0.026241,0.006885,0.010310,1455.62,1161.92
7,8.00,1.0000,0.79911,0.72636,20.00,24.97,0.04068,3.5265,3.5377,3.5303,0.030814,0.026069,0.006886,0.010182,1455.56,1167.73
8,9.00,1.0000,0.79900,0.71684,20.00,24.97,0.04016,3.5267,3.5216,3.5270,0.030815,0.026178,0.006887,0.010266,1455.51,1163.66
9,10.00,1.0000,0.79889,0.70892,20.00,24.97,0.04044,3.5269,3.5192,3.5240,0.030817,0.026269,0.006887,0.010336,1455.45,1160.26
10,11.00,1.0000,0.79878,0.72243,20.00,24.95,0.03901,3.5270,3.5377,3.5285,0.030819,0.026099,0.006888,0.010212,1455.40,1165.71
11,12.00,1.0000,0.79867,0.71220,20.00,24.95,0.04064,3.5271,3.5177,3.5248,0.030820,0.026217,0.006889,0.010303,1455.34,1161.36
12,13.00,1.0000,0.79856,0.71429,20.00,24.94,0.04005,3.5273,3.5268,3.5253,0.030822,0.026186,0.006890,0.010282,1455.29,1162.09
13,14.00,1.0000,0.79844,0.72161,20.00,24.92,0.03783,3.5273,3.5326,3.5275,0.030824,0.026092,0.006890,0.010215,1455.23,1165.00
14,15.00,1.0000,0.79833,0.72870,20.00,24.91,0.03533,3.5274,3.5344,3.5295,0.030825,0.026001,0.006891,0.010149,1455.18,1167.82
15,16.00,1.0000,0.79822,0.73908,20.00,24.90,0.03131,3.5275,3.5395,3.5325,0.030827,0.025872,0.006892,0.010054,1455.13,1172.02
16,17.00,1.0000,0.79811,0.73969,20.00,24.89,0.03114,3.5275,3.5335,3.5327,0.030829,0.025859,0.006892,0.010047,1455.07,1172.14
17,18.00,1.0000,0.79800,0.73034,20.00,24.90,0.03139,3.5276,3.5105,3.5264,0.030830,0.025973,0.006893,0.010132,1455.02,1168.31
18,19.00,1.0000,0.79789,0.73250,20.00,24.89,0.03073,3.5276,3.5299,3.5274,0.030832,0.025940,0.006894,0.010110,1454.96,1169.05
19,20.00,1.0000,0.79778,0.74424,20.00,24.87,0.02609,3.5276,3.5422,3.5315,0.030834,0.025792,0.006895,0.010002,1454.91,1173.76
20,21.00,1.0000,0.79767,0.74353,20.00,24.86,0.02626,3.5276,3.5303,3.5311,0.030835,0.025795,0.006895,0.010007,1454.85,1173.34
21,22.00,1.0000,0.79756,0.74297,20.00,24.85,0.02631,3.5276,3.5298,3.5307,0.030837,0.025796,0.006896,0.010011,1454.80,1172.99
22,23.00,1.0000,0.79744,0.74137,20.00,24.85,0.02617,3.5276,3.5249,3.5291,0.030839,0.025812,0.006897,0.010024,1454.74,1172.24
23,24.00,1.0000,0.79733,0.73882,20.00,24.85,0.02536,3.5276,3.5162,3.5257,0.030840,0.025842,0.006898,0.010047,1454.69,1171.17
24,25.00,1.0000,0.79722,0.74162,20.00,24.83,0.02697,3.5275,3.5451,3.5307,0.030842,0.025793,0.006898,0.010017,1454.63,1171.99
25,26.00,1.0000,0.79711,0.74095,20.00,24.82,0.02650,3.5275,3.5259,3.5294,0.030844,0.025798,0.006899,0.010022,1454.58,1171.63
26,27.00,1.0000,0.79700,0.74145,20.00,24.81,0.02710,3.5275,3.5353,3.5309,0.030846,0.025784,0.006900,0.010015,1454.52,1171.65
27,28.00,1.0000,0.79689,0.74140,20.00,24.80,0.02716,3.5274,3.5313,3.5309,0.030847,0.025779,0.006901,0.010014,1454.47,1171.50
28,29.00,1.0000,0.79678,0.74044,20.00,24.80,0.02612,3.5274,3.5207,3.5282,0.030849,0.025788,0.006901,0.010022,1454.41,1171.05
29,30.00,1.0000,0.79667,0.73929,20.00,24.80,0.02501,3.5273,3.5164,3.5252,0.030851,0.025801,0.006902,0.010032,1454.36,1170.55
30,31.00,1.0000,0.79656,0.74009,20.00,24.78,0.02575,3.5273,3.5344,3.5276,0.030852,0.025781,0.006903,0.010022,1454.30,1170.66
31,32.00,1.0000,0.79644,0.73935,20.00,24.78,0.02532,3.5272,3.5215,3.5260,0.030854,0.025787,0.006903,0.010028,1454.25,1170.29
32,33.00,1.0000,0.79633,0.73954,20.00,24.77,0.02547,3.5272,3.5286,3.5267,0.030856,0.025778,0.006904,0.010024,1454.19,1170.22
33,34.00,1.0000,0.79622,0.73964,20.01,24.76,0.02555,3.5271,3.5283,3.5271,0.030857,0.025771,0.006905,0.010022,1454.14,1170.12
34,35.00,1.0000,0.79611,0.74094,20.01,24.75,0.02597,3.5270,3.5375,3.5297,0.030859,0.025746,0.006906,0.010007,1454.08,1170.44
35,36.00,1.0000,0.79600,0.73962,20.01,24.74,0.02565,3.5270,3.5207,3.5273,0.030861,0.025759,0.006906,0.010018,1454.03,1169.82
36,37.00,1.0000,0.79589,0.73965,20.01,24.73,0.02567,3.5269,3.5283,3.5275,0.030862,0.025752,0.006907,0.010016,1453.97,1169.71
37,38.00,1.0000,0.79578,0.74085,20.01,24.72,0.02582,3.5268,3.5359,3.5295,0.030864,0.025730,0.006908,0.010003,1453.92,1170.03
38,39.00,1.0000,0.79567,0.73968,20.01,24.72,0.02571,3.5268,3.5226,3.5277,0.030866,0.025740,0.006909,0.010012,1453.87,1169.44
39,40.00,1.0000,0.79556,0.73939,20.01,24.71,0.02570,3.5267,3.5266,3.5274,0.030867,0.025738,0.006909,0.010014,1453.81,1169.21
40,41.00,1.0000,0.79544,0.73641,20.01,24.71,0.02572,3.5266,3.5109,3.5233,0.030869,0.025772,0.006910,0.010040,1453.76,1167.93
41,42.00,1.0000,0.79533,0.73653,20.01,24.70,0.02562,3.5265,3.5239,3.5235,0.030871,0.025765,0.006911,0.010037,1453.70,1167.85
42,43.00,1.0000,0.79522,0.73975,20.01,24.69,0.02385,3.5265,3.5283,3.5248,0.030872,0.025721,0.006912,0.010006,1453.65,1169.06
43,44.00,1.0000,0.79511,0.74177,20.01,24.68,0.02278,3.5264,3.5284,3.5257,0.030874,0.025691,0.006912,0.009987,1453.59,1169.77
44,45.00,1.0000,0.79500,0.73612,20.01,24.68,0.02542,3.5263,3.5151,3.5231,0.030876,0.025754,0.006913,0.010036,1453.54,1167.32
45,46.00,1.0000,0.79489,0.73908,20.01,24.67,0.02376,3.5262,3.5273,3.5242,0.030877,0.025713,0.006914,0.010008,1453.48,1168.43
46,47.00,1.0000,0.79478,0.73822,20.01,24.66,0.02414,3.5262,3.5230,3.5239,0.030879,0.025718,0.006914,0.010014,1453.43,1167.95
47,48.00,1.0000,0.79467,0.73696,20.01,24.66,0.02471,3.5261,3.5219,3.5235,0.030881,0.025728,0.006915,0.010024,1453.37,1167.31
48,49.00,1.0000,0.79456,0.73728,20.01,24.65,0.01028,3.5260,3.5100,3.5095,0.030882,0.025719,0.006916,0.010019,1453.32,1167.32
49,50.00,1.0000,0.79444,0.73971,20.01,24.64,0.02563,3.5259,3.5441,3.5276,0.030884,0.025684,0.006917,0.009996,1453.26,1168.19
50,51.00,1.0000,0.79433,0.74000,20.01,24.63,0.02638,3.5259,3.5306,3.5287,0.030886,0.025675,0.006917,0.009992,1453.21,1168.19
51,52.00,1.0000,0.79422,0.73715,20.01,24.62,0.02406,3.5258,3.5121,3.5233,0.030888,0.025703,0.006918,0.010016,1453.15,1166.88
52,53.00,1.0000,0.79411,0.73924,20.01,24.61,0.02369,3.5257,3.5327,3.5253,0.030889,0.025673,0.006919,0.009995,1453.10,1167.62
53,54.00,1.0000,0.79400,0.73899,20.01,24.61,0.02353,3.5256,3.5244,3.5249,0.030891,0.025671,0.006920,0.009996,1453.04,1167.39
54,55.00,1.0000,0.79389,0.74034,20.01,24.60,0.02435,3.5255,3.5326,3.5273,0.030893,0.025649,0.006920,0.009982,1452.99,1167.84
55,56.00,1.0000,0.79378,0.73881,20.01,24.59,0.02397,3.5255,3.5204,3.5253,0.030894,0.025662,0.006921,0.009994,1452.93,1167.07
56,57.00,1.0000,0.79367,0.73941,20.01,24.58,0.02401,3.5254,3.5282,3.5260,0.030896,0.025650,0.006922,0.009988,1452.88,1167.20
57,58.00,1.0000,0.79356,0.74004,20.01,24.58,0.02397,3.5253,3.5289,3.5267,0.030898,0.025637,0.006922,0.009980,1452.82,1167.35
58,59.00,1.0000,0.79344,0.73671,20.01,24.57,0.02434,3.5252,3.5143,3.5234,0.030899,0.025670,0.006923,0.010008,1452.77,1165.82
59,60.00,1.0000,0.79333,0.73312,20.01,24.56,0.02581,3.5251,3.5168,3.5218,0.030901,0.025706,0.006924,0.010038,1452.71,1164.19
60,61.00,1.0000,0.79322,0.74142,20.01,24.55,0.02156,3.5251,3.5334,3.5248,0.030903,0.025605,0.006925,0.009964,1452.66,1167.57
61,62.00,1.0000,0.79311,0.74525,20.01,24.54,0.01966,3.5250,3.5310,3.5263,0.030904,0.025556,0.006925,0.009928,1452.60,1169.08
62,63.00,1.0000,0.79300,0.74296,20.01,24.54,0.02067,3.5249,3.5223,3.5252,0.030906,0.025577,0.006926,0.009947,1452.55,1167.98
63,64.00,1.0000,0.79289,0.74760,20.01,24.53,0.01851,3.5248,3.5342,3.5274,0.030908,0.025519,0.006927,0.009905,1452.49,1169.83
64,65.00,1.0000,0.79278,0.74514,20.01,24.52,0.01955,3.5247,3.5224,3.5260,0.030909,0.025542,0.006928,0.009925,1452.44,1168.66
65,66.00,1.0000,0.79267,0.74331,20.01,24.51,0.02030,3.5247,3.5223,3.5250,0.030911,0.025557,0.006928,0.009939,1452.38,1167.76
66,67.00,1.0000,0.79256,0.74482,20.01,24.51,0.01956,3.5246,3.5283,3.5258,0.030913,0.025535,0.006929,0.009924,1452.33,1168.29
67,68.00,1.0000,0.79244,0.74418,20.01,24.50,0.01978,3.5245,3.5245,3.5254,0.030914,0.025537,0.006930,0.009928,1452.27,1167.90
68,69.00,1.0000,0.79233,0.74402,20.01,24.49,0.01979,3.5244,3.5251,3.5252,0.030916,0.025534,0.006931,0.009928,1452.22,1167.72
69,70.00,1.0000,0.79222,0.75127,20.01,24.48,0.01640,3.5243,3.5402,3.5288,0.030918,0.025446,0.006931,0.009863,1452.16,1170.68
70,71.00,1.0000,0.79211,0.74727,20.01,24.48,0.01818,3.5242,3.5206,3.5266,0.030919,0.025486,0.006932,0.009897,1452.11,1168.84
71,72.00,1.0000,0.79200,0.73931,20.01,24.47,0.02185,3.5242,3.5109,3.5226,0.030921,0.025569,0.006933,0.009965,1452.05,1165.31
72,73.00,1.0000,0.79189,0.74067,20.01,24.46,0.02113,3.5241,3.5255,3.5233,0.030923,0.025549,0.006933,0.009951,1452.00,1165.77
73,74.00,1.0000,0.79178,0.73543,20.01,24.45,0.02359,3.5240,3.5135,3.5209,0.030924,0.025604,0.006934,0.009996,1451.94,1163.45
74,75.00,1.0000,0.79167,0.74118,20.01,24.44,0.02042,3.5239,3.5291,3.5230,0.030926,0.025532,0.006935,0.009944,1451.89,1165.74
75,76.00,1.0000,0.79156,0.73669,20.01,24.44,0.02273,3.5238,3.5165,3.5214,0.030928,0.025579,0.006936,0.009982,1451.83,1163.74
76,77.00,1.0000,0.79144,0.72766,20.01,24.43,0.02770,3.5238,3.5107,3.5188,0.030929,0.025678,0.006936,0.010060,1451.78,1159.83
77,78.00,1.0000,0.79133,0.71583,20.01,24.43,0.03439,3.5237,3.5068,3.5159,0.030931,0.025810,0.006937,0.010163,1451.72,1154.77
78,79.00,1.0000,0.79122,0.70662,20.01,24.43,0.03965,3.5236,3.5076,3.5140,0.030933,0.025912,0.006938,0.010243,1451.67,1150.81
79,80.00,1.0000,0.79111,0.71398,20.01,24.42,0.03518,3.5235,3.5207,3.5159,0.030934,0.025821,0.006939,0.010176,1451.61,1153.75
80,81.00,1.0000,0.79100,0.71342,20.01,24.41,0.03540,3.5234,3.5157,3.5160,0.030936,0.025822,0.006939,0.010180,1451.56,1153.40
81,82.00,1.0000,0.79089,0.71359,20.01,24.40,0.03520,3.5233,3.5163,3.5162,0.030938,0.025815,0.006940,0.010177,1451.50,1153.36
82,83.00,1.0000,0.79078,0.69825,20.01,24.40,0.04419,3.5233,3.5044,3.5132,0.030939,0.025987,0.006941,0.010311,1451.45,1146.82
83,84.00,1.0000,0.79067,0.69638,20.01,24.39,0.04516,3.5232,3.5120,3.5131,0.030941,0.026004,0.006941,0.010326,1451.39,1145.93
84,85.00,1.0000,0.79056,0.73132,20.01,24.37,0.02440,3.5231,3.5411,3.5205,0.030943,0.025593,0.006942,0.010015,1451.34,1160.40
85,86.00,1.0000,0.79044,0.71656,20.01,24.36,0.03303,3.5230,3.5086,3.5174,0.030944,0.025756,0.006943,0.010143,1451.28,1154.03
86,87.00,1.0000,0.79033,0.72167,20.01,24.36,0.02996,3.5229,3.5217,3.5186,0.030946,0.025692,0.006944,0.010097,1451.23,1156.08
87,88.00,1.0000,0.79022,0.72535,20.01,24.35,0.02775,3.5229,3.5217,3.5194,0.030948,0.025646,0.006944,0.010063,1451.17,1157.54
88,89.00,1.0000,0.79011,0.72803,20.01,24.34,0.02614,3.5228,3.5217,3.5200,0.030950,0.025611,0.006945,0.010038,1451.12,1158.56
89,90.00,1.0000,0.79000,0.70684,20.01,24.33,0.03837,3.5227,3.5019,3.5153,0.030951,0.025842,0.006946,0.010222,1451.06,1149.40
90,91.00,1.0000,0.78989,0.70057,20.01,24.33,0.04189,3.5226,3.5100,3.5140,0.030953,0.025908,0.006947,0.010275,1451.01,1146.63
91,92.00,1.0000,0.78978,0.72406,20.01,24.32,0.02827,3.5225,3.5351,3.5195,0.030955,0.025637,0.006947,0.010067,1450.95,1156.45
92,93.00,1.0000,0.78967,0.72038,20.01,24.31,0.03032,3.5224,3.5162,3.5186,0.030956,0.025673,0.006948,0.010098,1450.90,1154.77
93,94.00,1.0000,0.78956,0.71621,20.01,24.30,0.03264,3.5224,3.5148,3.5177,0.030958,0.025714,0.006949,0.010133,1450.84,1152.88
94,95.00,1.0000,0.78944,0.72401,20.01,24.29,0.02813,3.5223,3.5250,3.5195,0.030960,0.025623,0.006950,0.010064,1450.79,1156.10
95,96.00,1.0000,0.78933,0.73020,20.01,24.29,0.02457,3.5222,3.5254,3.5210,0.030961,0.025549,0.006950,0.010008,1450.73,1158.64
96,97.00,1.0000,0.78922,0.73180,20.01,24.28,0.02363,3.5221,3.5225,3.5213,0.030963,0.025527,0.006951,0.009993,1450.68,1159.22
97,98.00,1.0000,0.78911,0.74942,20.01,24.28,0.01368,3.5220,3.5386,3.5256,0.030965,0.025329,0.006952,0.009839,1450.62,1166.71
98,99.00,1.0000,0.78900,0.74375,20.01,24.27,0.01676,3.5219,3.5191,3.5238,0.030966,0.025385,0.006952,0.009887,1450.57,1164.13
99,100.00,1.0000,0.78889,0.75417,20.01,24.27,0.01107,3.5219,3.5364,3.5268,0.030968,0.025268,0.006953,0.009796,1450.51,1168.56
100,101.00,1.0000,0.78878,0.74462,20.01,24.26,0.01612,3.5218,3.5141,3.5234,0.030970,0.025365,0.006954,0.009876,1450.46,1164.26
101,102.00,1.0000,0.78867,0.74810,20.01,24.25,0.01422,3.5217,3.5281,3.5244,0.030971,0.025323,0.006955,0.009845,1450.40,1165.67
102,103.00,1.0000,0.78856,0.73947,20.01,24.24,0.01869,3.5216,3.5121,3.5212,0.030973,0.025410,0.006955,0.009917,1450.35,1161.79
103,104.00,1.0000,0.78844,0.74169,20.01,24.23,0.01746,3.5215,3.5244,3.5219,0.030975,0.025381,0.006956,0.009897,1450.29,1162.64
104,105.00,1.0000,0.78833,0.73896,20.01,24.23,0.01882,3.5215,3.5179,3.5208,0.030976,0.025406,0.006957,0.009919,1450.24,1161.35
105,106.00,1.0000,0.78822,0.72510,20.02,24.21,0.02594,3.5214,3.5000,3.5156,0.030978,0.025554,0.006958,0.010037,1450.18,1155.29
106,107.00,1.0000,0.78811,0.73302,20.02,24.21,0.02172,3.5213,3.5273,3.5186,0.030980,0.025460,0.006958,0.009967,1450.13,1158.52
107,108.00,1.0000,0.78800,0.72257,20.02,24.20,0.02717,3.5212,3.5041,3.5150,0.030981,0.025572,0.006959,0.010056,1450.07,1153.99
108,109.00,1.0000,0.78789,0.72841,20.02,24.19,0.02400,3.5211,3.5232,3.5172,0.030983,0.025501,0.006960,0.010004,1450.01,1156.33
109,110.00,1.0000,0.78778,0.72772,20.02,24.18,0.02431,3.5210,3.5164,3.5170,0.030985,0.025504,0.006960,0.010009,1449.96,1155.93
110,111.00,1.0000,0.78767,0.73812,20.02,24.18,0.01870,3.5210,3.5310,3.5205,0.030986,0.025381,0.006961,0.009916,1449.90,1160.20
111,112.00,1.0000,0.78756,0.72716,20.02,24.17,0.02440,3.5209,3.5048,3.5165,0.030988,0.025499,0.006962,0.010010,1449.85,1155.45
112,113.00,1.0000,0.78744,0.72675,20.02,24.16,0.02456,3.5208,3.5162,3.5165,0.030990,0.025499,0.006963,0.010012,1449.79,1155.17
113,114.00,1.0000,0.78733,0.73805,20.02,24.15,0.01853,3.5207,3.5324,3.5205,0.030991,0.025367,0.006963,0.009912,1449.74,1159.82
114,115.00,1.0000,0.78722,0.73440,20.02,24.15,0.02038,3.5206,3.5150,3.5190,0.030993,0.025403,0.006964,0.009942,1449.68,1158.16
115,116.00,1.0000,0.78711,0.72269,20.02,24.14,0.02644,3.5206,3.5019,3.5148,0.030995,0.025528,0.006965,0.010043,1449.63,1153.08
116,117.00,1.0000,0.78700,0.72702,20.02,24.13,0.02411,3.5205,3.5213,3.5165,0.030996,0.025475,0.006966,0.010004,1449.57,1154.79
117,118.00,1.0000,0.78689,0.73561,20.02,24.12,0.01954,3.5204,3.5289,3.5196,0.030998,0.025373,0.006966,0.009927,1449.52,1158.31
118,119.00,1.0000,0.78678,0.74452,20.02,24.12,0.01482,3.5203,3.5323,3.5227,0.031000,0.025269,0.006967,0.009848,1449.46,1161.99
119,120.00,1.0000,0.78667,0.73829,20.02,24.11,0.01798,3.5202,3.5130,3.5201,0.031001,0.025333,0.006968,0.009901,1449.41,1159.21
120,121.00,1.0000,0.78656,0.74355,20.02,24.10,0.01526,3.5201,3.5287,3.5221,0.031003,0.025270,0.006969,0.009854,1449.35,1161.36
121,122.00,1.0000,0.78644,0.75327,20.02,24.10,0.01034,3.5201,3.5386,3.5260,0.031005,0.025160,0.006969,0.009769,1449.30,1165.44
122,123.00,1.0000,0.78633,0.75200,20.02,24.09,0.01092,3.5200,3.5236,3.5251,0.031006,0.025169,0.006970,0.009779,1449.24,1164.78
123,124.00,1.0000,0.78622,0.75012,20.02,24.08,0.01178,3.5199,3.5216,3.5240,0.031008,0.025184,0.006971,0.009793,1449.19,1163.85
124,125.00,1.0000,0.78611,0.74708,20.02,24.08,0.01322,3.5198,3.5184,3.5224,0.031010,0.025212,0.006971,0.009818,1449.13,1162.42
125,126.00,1.0000,0.78600,0.75525,20.02,24.08,0.00913,3.5197,3.5370,3.5258,0.031011,0.025120,0.006972,0.009747,1449.08,1165.87
126,127.00,1.0000,0.78589,0.75809,20.02,24.07,0.00767,3.5197,3.5307,3.5267,0.031013,0.025086,0.006973,0.009721,1449.02,1167.01
127,128.00,1.0000,0.78578,0.75682,20.02,24.06,0.00823,3.5196,3.5242,3.5258,0.031015,0.025095,0.006974,0.009731,1448.97,1166.35
128,129.00,1.0000,0.78567,0.74643,20.02,24.05,0.01327,3.5195,3.5070,3.5209,0.031016,0.025199,0.006974,0.009818,1448.91,1161.68
129,130.00,1.0000,0.78556,0.75091,20.02,24.04,0.01098,3.5194,3.5290,3.5228,0.031018,0.025146,0.006975,0.009778,1448.86,1163.52
130,131.00,1.0000,0.78544,0.74667,20.02,24.03,0.01300,3.5193,3.5152,3.5208,0.031020,0.025188,0.006976,0.009813,1448.80,1161.58
131,132.00,1.0000,0.78533,0.74754,20.02,24.03,0.01249,3.5192,3.5224,3.5211,0.031021,0.025174,0.006977,0.009804,1448.74,1161.85
132,133.00,1.0000,0.78522,0.74825,20.02,24.02,0.01206,3.5192,3.5224,3.5213,0.031023,0.025161,0.006977,0.009797,1448.69,1162.05
133,134.00,1.0000,0.78511,0.75123,20.02,24.01,0.01053,3.5191,3.5266,3.5225,0.031025,0.025124,0.006978,0.009770,1448.63,1163.21
134,135.00,1.0000,0.78500,0.74974,20.02,24.01,0.01118,3.5190,3.5198,3.5217,0.031026,0.025136,0.006979,0.009781,1448.58,1162.47
135,136.00,1.0000,0.78489,0.75575,20.02,24.00,0.00816,3.5189,3.5326,3.5242,0.031028,0.025065,0.006979,0.009728,1448.52,1164.93
136,137.00,1.0000,0.78478,0.76164,20.02,24.00,0.00521,3.5188,3.5348,3.5266,0.031030,0.024997,0.006980,0.009676,1448.47,1167.36
137,138.00,1.0000,0.78467,0.75779,20.02,23.99,0.00702,3.5187,3.5194,3.5245,0.031031,0.025034,0.006981,0.009708,1448.41,1165.59
138,139.00,1.0000,0.78456,0.75263,20.02,23.98,0.00947,3.5187,3.5150,3.5220,0.031033,0.025085,0.006982,0.009751,1448.36,1163.26
139,140.00,1.0000,0.78444,0.75152,20.02,23.97,0.00993,3.5186,3.5200,3.5213,0.031035,0.025092,0.006982,0.009759,1448.30,1162.68
140,141.00,1.0000,0.78433,0.75250,20.02,23.97,0.00938,3.5185,3.5231,3.5217,0.031036,0.025077,0.006983,0.009749,1448.25,1162.99
141,142.00,1.0000,0.78422,0.74478,20.02,23.96,0.01307,3.5184,3.5077,3.5181,0.031038,0.025158,0.006984,0.009814,1448.19,1159.61
142,143.00,1.0000,0.78411,0.75077,20.02,23.95,0.01007,3.5183,3.5292,3.5208,0.031040,0.025086,0.006985,0.009761,1448.14,1162.02
143,144.00,1.0000,0.78400,0.75791,20.02,23.94,0.00651,3.5183,3.5340,3.5240,0.031041,0.025002,0.006985,0.009698,1448.08,1164.93
144,145.00,1.0000,0.78389,0.74883,20.02,23.94,0.01085,3.5182,3.5071,3.5196,0.031043,0.025098,0.006986,0.009775,1448.03,1160.96
145,146.00,1.0000,0.78378,0.75691,20.02,23.93,0.00685,3.5181,3.5347,3.5233,0.031045,0.025003,0.006987,0.009703,1447.97,1164.27
146,147.00,1.0000,0.78367,0.74530,20.02,23.92,0.01240,3.5180,3.5016,3.5177,0.031046,0.025127,0.006987,0.009802,1447.92,1159.24
147,148.00,1.0000,0.78356,0.74584,20.02,23.92,0.01205,3.5179,3.5190,3.5180,0.031048,0.025116,0.006988,0.009796,1447.86,1159.36
148,149.00,1.0000,0.78344,0.74441,20.02,23.91,0.01267,3.5178,3.5155,3.5174,0.031050,0.025128,0.006989,0.009808,1447.80,1158.66
149,150.00,1.0000,0.78333,0.74747,20.02,23.90,0.01112,3.5178,3.5234,3.5189,0.031051,0.025088,0.006990,0.009780,1447.75,1159.83
150,151.00,0.0000,0.78333,0.74683,20.02,23.85,0.01121,3.5481,3.5397,3.5423,0.031051,0.025062,0.006990,0.009775,1447.75,1158.78
151,152.00,0.0000,0.78333,0.75109,20.02,24.03,0.01027,3.5475,3.5604,3.5462,0.031051,0.025136,0.006990,0.009774,1447.75,1163.40
152,153.00,0.0000,0.78333,0.75193,20.02,24.05,0.01005,3.5469,3.5487,3.5461,0.031051,0.025140,0.006990,0.009771,1447.75,1164.07
153,154.00,0.0000,0.78333,0.75104,20.02,24.02,0.01030,3.5464,3.5419,3.5444,0.031051,0.025131,0.006990,0.009773,1447.75,1163.24
154,155.00,0.0000,0.78333,0.75359,20.02,24.06,0.00955,3.5460,3.5531,3.5460,0.031051,0.025132,0.006990,0.009759,1447.75,1165.00
155,156.00,0.0000,0.78333,0.74991,20.02,24.00,0.01065,3.5456,3.5318,3.5419,0.031051,0.025127,0.006990,0.009778,1447.75,1162.39
156,157.00,0.0000,0.78333,0.75096,20.02,24.01,0.01033,3.5452,3.5451,3.5423,0.031051,0.025120,0.006990,0.009770,1447.74,1162.94
157,158.00,0.0000,0.78333,0.75419,20.02,24.04,0.00935,3.5449,3.5534,3.5446,0.031051,0.025105,0.006990,0.009748,1447.74,1164.79
158,159.00,0.0000,0.78333,0.75600,20.02,24.05,0.00881,3.5446,3.5505,3.5455,0.031051,0.025093,0.006990,0.009734,1447.74,1165.74
159,160.00,0.0000,0.78333,0.75982,20.02,24.08,0.00770,3.5443,3.5590,3.5483,0.031051,0.025070,0.006990,0.009707,1447.74,1167.82
160,161.00,0.0000,0.78333,0.75729,20.02,24.05,0.00841,3.5441,3.5379,3.5452,0.031051,0.025078,0.006990,0.009723,1447.74,1166.27
161,162.00,0.0000,0.78333,0.75470,20.02,24.02,0.00912,3.5438,3.5346,3.5422,0.031051,0.025087,0.006990,0.009740,1447.74,1164.73
162,163.00,0.0000,0.78333,0.75724,20.02,24.03,0.00843,3.5436,3.5517,3.5442,0.031051,0.025067,0.006990,0.009720,1447.74,1165.99
163,164.00,0.0000,0.78333,0.75915,20.02,24.04,0.00793,3.5435,3.5513,3.5455,0.031051,0.025050,0.006990,0.009705,1447.74,1166.90
164,165.00,0.0000,0.78333,0.75618,20.02,24.01,0.00868,3.5433,3.5329,3.5420,0.031051,0.025065,0.006990,0.009726,1447.74,1165.23
165,166.00,0.0000,0.78333,0.75947,20.02,24.02,0.00787,3.5432,3.5553,3.5450,0.031051,0.025037,0.006990,0.009699,1447.74,1166.82
166,167.00,0.0000,0.78333,0.76262,20.02,24.03,0.00712,3.5430,3.5578,3.5477,0.031051,0.025010,0.006990,0.009674,1447.74,1168.32
167,168.00,0.0000,0.78333,0.76082,20.02,24.02,0.00752,3.5429,3.5393,3.5452,0.031051,0.025018,0.006990,0.009687,1447.74,1167.29
168,169.00,0.0000,0.78333,0.75948,20.02,24.00,0.00781,3.5428,3.5388,3.5433,0.031051,0.025023,0.006990,0.009695,1447.74,1166.50
169,170.00,0.0000,0.78333,0.76277,20.02,24.01,0.00713,3.5427,3.5579,3.5466,0.031051,0.024993,0.006990,0.009669,1447.74,1168.04
170,171.00,0.0000,0.78333,0.76124,20.02,24.00,0.00742,3.5426,3.5390,3.5444,0.031051,0.025000,0.006990,0.009679,1447.74,1167.17
171,172.00,0.0000,0.78333,0.76009,20.02,23.99,0.00763,3.5425,3.5385,3.5427,0.031051,0.025005,0.006990,0.009687,1447.73,1166.49
172,173.00,0.0000,0.78333,0.75997,20.02,23.98,0.00766,3.5425,3.5418,3.5423,0.031051,0.025002,0.006990,0.009686,1447.73,1166.33
173,174.00,0.0000,0.78333,0.76028,20.02,23.97,0.00760,3.5424,3.5436,3.5424,0.031050,0.024994,0.006990,0.009683,1447.73,1166.37
174,175.00,0.0000,0.78333,0.76113,20.02,23.97,0.00747,3.5424,3.5464,3.5432,0.031050,0.024982,0.006990,0.009674,1447.73,1166.67
175,176.00,0.0000,0.78333,0.76118,20.02,23.96,0.00746,3.5423,3.5432,3.5430,0.031050,0.024977,0.006990,0.009673,1447.73,1166.59
176,177.00,0.0000,0.78333,0.75786,20.02,23.95,0.00792,3.5423,3.5255,3.5386,0.031050,0.025004,0.006990,0.009698,1447.73,1164.94
177,178.00,0.0000,0.78333,0.75785,20.02,23.94,0.00792,3.5422,3.5385,3.5386,0.031050,0.024999,0.006990,0.009697,1447.73,1164.83
178,179.00,0.0000,0.78333,0.75661,20.02,23.93,0.00808,3.5422,3.5320,3.5370,0.031050,0.025008,0.006990,0.009706,1447.73,1164.18
179,180.00,0.0000,0.78333,0.75600,20.02,23.93,0.00815,3.5421,3.5338,3.5363,0.031050,0.025010,0.006990,0.009710,1447.73,1163.82
180,181.00,0.0000,0.78333,0.75854,20.02,23.92,0.00785,3.5421,3.5501,3.5397,0.031050,0.024977,0.006990,0.009687,1447.73,1164.78
181,182.00,0.0000,0.78333,0.76106,20.02,23.91,0.00759,3.5421,3.5536,3.5430,0.031050,0.024944,0.006990,0.009664,1447.73,1165.74
182,183.00,0.0000,0.78333,0.75824,20.02,23.90,0.00782,3.5421,3.5265,3.5388,0.031050,0.024970,0.006990,0.009687,1447.73,1164.42
183,184.00,0.0000,0.78333,0.75935,20.02,23.90,0.00774,3.5420,3.5453,3.5404,0.031050,0.024954,0.006990,0.009676,1447.73,1164.79
184,185.00,0.0000,0.78333,0.75879,20.02,23.89,0.00777,3.5420,3.5369,3.5395,0.031050,0.024955,0.006990,0.009679,1447.73,1164.44
185,186.00,0.0000,0.78333,0.76087,20.02,23.88,0.00769,3.5420,3.5522,3.5425,0.031050,0.024928,0.006990,0.009660,1447.73,1165.23
186,187.00,0.0000,0.78333,0.76032,20.02,23.88,0.00770,3.5420,3.5388,3.5415,0.031050,0.024930,0.006989,0.009664,1447.72,1164.89
187,188.00,0.0000,0.78333,0.75927,20.02,23.87,0.00770,3.5420,3.5345,3.5397,0.031050,0.024936,0.006989,0.009671,1447.72,1164.33
188,189.00,0.0000,0.78333,0.75961,20.02,23.86,0.00770,3.5420,3.5419,3.5402,0.031050,0.024928,0.006989,0.009667,1447.72,1164.37
189,190.00,0.0000,0.78333,0.76096,20.02,23.86,0.00774,3.5419,3.5492,3.5423,0.031050,0.024909,0.006989,0.009654,1447.72,1164.85
190,191.00,0.0000,0.78333,0.75948,20.02,23.85,0.00767,3.5419,3.5319,3.5397,0.031050,0.024921,0.006989,0.009665,1447.72,1164.11
191,192.00,0.0000,0.78333,0.75999,20.02,23.84,0.00770,3.5419,3.5432,3.5405,0.031050,0.024911,0.006989,0.009660,1447.72,1164.22
192,193.00,0.0000,0.78333,0.76131,20.02,23.84,0.00779,3.5419,3.5500,3.5427,0.031050,0.024892,0.006989,0.009647,1447.72,1164.68
193,194.00,0.0000,0.78333,0.76525,20.02,23.83,0.00817,3.5419,3.5718,3.5496,0.031050,0.024845,0.006989,0.009612,1447.72,1166.28
194,195.00,0.0000,0.78333,0.76508,20.02,23.83,0.00814,3.5419,3.5477,3.5488,0.031050,0.024843,0.006989,0.009612,1447.72,1166.10
195,196.00,0.0000,0.78333,0.76446,20.02,23.82,0.00803,3.5419,3.5432,3.5471,0.031050,0.024844,0.006989,0.009616,1447.72,1165.70
196,197.00,0.0000,0.78333,0.76228,20.02,23.81,0.00757,3.5419,3.5282,3.5423,0.031050,0.024858,0.006989,0.009632,1447.72,1164.56
197,198.00,0.0000,0.78333,0.76281,20.02,23.80,0.00768,3.5419,3.5467,3.5432,0.031050,0.024849,0.006989,0.009627,1447.72,1164.70
198,199.00,0.0000,0.78333,0.76313,20.02,23.79,0.00774,3.5419,3.5458,3.5438,0.031050,0.024842,0.006989,0.009623,1447.72,1164.74
199,200.00,0.0000,0.78333,0.76338,20.02,23.79,0.00780,3.5419,3.5457,3.5441,0.031050,0.024835,0.006989,0.009619,1447.72,1164.75
200,201.00,-0.5000,0.78339,0.76426,20.02,23.86,0.00871,3.5701,3.5703,3.5594,0.031049,0.024875,0.006989,0.009626,1447.75,1166.30
201,202.00,-0.5000,0.78344,0.76603,20.02,23.90,0.00866,3.5698,3.5697,3.5614,0.031048,0.024884,0.006989,0.009619,1447.77,1167.72
202,203.00,-0.5000,0.78350,0.76552,20.02,23.89,0.00879,3.5696,3.5582,3.5600,0.031047,0.024879,0.006988,0.009621,1447.80,1167.26
203,204.00,-0.5000,0.78356,0.76772,20.02,23.91,0.00808,3.5693,3.5668,3.5612,0.031047,0.024865,0.006988,0.009605,1447.83,1168.44
204,205.00,-0.5000,0.78361,0.77387,20.02,23.95,0.00580,3.5691,3.5788,3.5649,0.031046,0.024824,0.006988,0.009559,1447.86,1171.67
205,206.00,-0.5000,0.78367,0.77883,20.02,23.97,0.00385,3.5690,3.5775,3.5673,0.031045,0.024785,0.006987,0.009521,1447.89,1174.15
206,207.00,-0.5000,0.78372,0.77603,20.02,23.95,0.00505,3.5688,3.5591,3.5646,0.031044,0.024801,0.006987,0.009541,1447.92,1172.62
207,208.00,-0.5000,0.78378,0.78411,20.02,23.98,0.00163,3.5687,3.5836,3.5687,0.031044,0.024731,0.006987,0.009476,1447.95,1176.51
208,209.00,-0.5000,0.78383,0.78289,20.02,23.97,0.00220,3.5686,3.5648,3.5671,0.031043,0.024737,0.006986,0.009485,1447.98,1175.80
209,210.00,-0.5000,0.78389,0.78910,20.02,23.98,-0.00048,3.5685,3.5805,3.5697,0.031042,0.024679,0.006986,0.009434,1448.01,1178.69
210,211.00,-0.5000,0.78394,0.78752,20.02,23.97,0.00026,3.5684,3.5652,3.5680,0.031041,0.024688,0.006986,0.009445,1448.04,1177.83
211,212.00,-0.5000,0.78400,0.79129,20.02,23.97,-0.00137,3.5683,3.5756,3.5693,0.031040,0.024649,0.006985,0.009414,1448.06,1179.50
212,213.00,-0.5000,0.78406,0.79728,20.02,23.98,-0.00403,3.5683,3.5812,3.5716,0.031040,0.024589,0.006985,0.009363,1448.09,1182.19
213,214.00,-0.5000,0.78411,0.80652,20.02,24.00,-0.00822,3.5682,3.5897,3.5754,0.031039,0.024497,0.006984,0.009286,1448.12,1186.36
214,215.00,-0.5000,0.78417,0.80839,20.02,24.00,-0.00901,3.5682,3.5780,3.5753,0.031038,0.024475,0.006984,0.009270,1448.15,1187.12
215,216.00,-0.5000,0.78422,0.79594,20.02,23.96,-0.00311,3.5681,3.5505,3.5685,0.031037,0.024590,0.006984,0.009371,1448.18,1181.29
216,217.00,-0.5000,0.78428,0.78432,20.02,23.94,0.00243,3.5681,3.5464,3.5627,0.031037,0.024701,0.006983,0.009467,1448.21,1175.94
217,218.00,-0.5000,0.78433,0.78569,20.02,23.93,0.00180,3.5681,3.5649,3.5630,0.031036,0.024683,0.006983,0.009454,1448.24,1176.44
218,219.00,-0.5000,0.78439,0.79078,20.02,23.93,-0.00054,3.5681,3.5725,3.5651,0.031035,0.024625,0.006983,0.009409,1448.27,1178.56
219,220.00,-0.5000,0.78444,0.78834,20.02,23.92,0.00063,3.5680,3.5600,3.5636,0.031034,0.024646,0.006982,0.009429,1448.30,1177.40
220,221.00,-0.5000,0.78450,0.79837,20.02,23.92,-0.00401,3.5680,3.5825,3.5680,0.031034,0.024533,0.006982,0.009341,1448.33,1181.59
221,222.00,-0.5000,0.78456,0.80171,20.02,23.91,-0.00554,3.5680,3.5737,3.5691,0.031033,0.024492,0.006982,0.009311,1448.36,1182.91
222,223.00,-0.5000,0.78461,0.80967,20.02,23.91,-0.00925,3.5680,3.5830,3.5722,0.031032,0.024400,0.006981,0.009241,1448.38,1186.20
223,224.00,-0.5000,0.78467,0.80939,20.02,23.90,-0.00904,3.5680,3.5710,3.5715,0.031031,0.024399,0.006981,0.009243,1448.41,1185.97
224,225.00,-0.5000,0.78472,0.79782,20.02,23.89,-0.00347,3.5680,3.5507,3.5659,0.031030,0.024521,0.006981,0.009341,1448.44,1180.93
225,226.00,-0.5000,0.78478,0.79459,20.02,23.89,-0.00190,3.5681,3.5600,3.5643,0.031030,0.024553,0.006980,0.009368,1448.47,1179.46
226,227.00,-0.5000,0.78483,0.79369,20.02,23.88,-0.00145,3.5681,3.5625,3.5637,0.031029,0.024559,0.006980,0.009374,1448.50,1178.98
227,228.00,-0.5000,0.78489,0.79273,20.02,23.87,-0.00097,3.5681,3.5618,3.5631,0.031028,0.024565,0.006980,0.009382,1448.53,1178.48
228,229.00,-0.5000,0.78494,0.78276,20.02,23.87,0.00380,3.5681,3.5461,3.5588,0.031027,0.024676,0.006979,0.009468,1448.56,1174.26
229,230.00,-0.5000,0.78500,0.78396,20.02,23.86,0.00324,3.5681,3.5609,3.5594,0.031027,0.024657,0.006979,0.009456,1448.59,1174.65
230,231.00,-0.5000,0.78506,0.79278,20.02,23.85,-0.00083,3.5681,3.5756,3.5634,0.031026,0.024549,0.006978,0.009377,1448.62,1178.13
231,232.00,-0.5000,0.78511,0.79701,20.02,23.84,-0.00276,3.5682,3.5709,3.5652,0.031025,0.024495,0.006978,0.009338,1448.65,1179.74
232,233.00,-0.5000,0.78517,0.80190,20.02,23.83,-0.00499,3.5682,3.5738,3.5672,0.031024,0.024433,0.006978,0.009294,1448.67,1181.63
233,234.00,-0.5000,0.78522,0.80874,20.02,23.82,-0.00811,3.5682,3.5792,3.5700,0.031024,0.024350,0.006977,0.009232,1448.70,1184.32
234,235.00,-0.5000,0.78528,0.81232,20.02,23.81,-0.00970,3.5682,3.5760,3.5713,0.031023,0.024304,0.006977,0.009200,1448.73,1185.69
235,236.00,-0.5000,0.78533,0.80937,20.02,23.80,-0.00826,3.5683,3.5655,3.5696,0.031022,0.024334,0.006977,0.009224,1448.76,1184.37
236,237.00,-0.5000,0.78539,0.81455,20.02,23.79,-0.01059,3.5683,3.5785,3.5716,0.031021,0.024270,0.006976,0.009178,1448.79,1186.42
237,238.00,-0.5000,0.78544,0.80691,20.02,23.79,-0.00701,3.5683,3.5575,3.5678,0.031020,0.024353,0.006976,0.009243,1448.82,1183.14
238,239.00,-0.5000,0.78550,0.80028,20.02,23.79,-0.00391,3.5684,3.5558,3.5647,0.031020,0.024425,0.006976,0.009300,1448.85,1180.30
239,240.00,-0.5000,0.78556,0.80438,20.02,23.78,-0.00576,3.5684,3.5719,3.5665,0.031019,0.024373,0.006975,0.009263,1448.88,1181.88
240,241.00,-0.5000,0.78561,0.80102,20.02,23.78,-0.00419,3.5684,3.5603,3.5649,0.031018,0.024408,0.006975,0.009291,1448.91,1180.41
241,242.00,-0.5000,0.78567,0.80610,20.02,23.76,-0.00647,3.5685,3.5739,3.5671,0.031017,0.024345,0.006975,0.009245,1448.94,1182.38
242,243.00,-0.5000,0.78572,0.80172,20.02,23.76,-0.00444,3.5685,3.5589,3.5650,0.031017,0.024392,0.006974,0.009283,1448.96,1180.49
243,244.00,-0.5000,0.78578,0.80634,20.02,23.75,-0.00649,3.5685,3.5734,3.5671,0.031016,0.024333,0.006974,0.009241,1448.99,1182.27
244,245.00,-0.5000,0.78583,0.81173,20.02,23.74,-0.00886,3.5686,3.5769,3.5695,0.031015,0.024266,0.006973,0.009192,1449.02,1184.36
245,246.00,-0.5000,0.78589,0.82118,20.02,23.73,-0.01300,3.5686,3.5869,3.5737,0.031014,0.024152,0.006973,0.009108,1449.05,1188.11
246,247.00,-0.5000,0.78594,0.81384,20.02,23.73,-0.00969,3.5686,3.5593,3.5699,0.031013,0.024233,0.006973,0.009171,1449.08,1185.00
247,248.00,-0.5000,0.78600,0.81720,20.02,23.72,-0.01110,3.5687,3.5761,3.5713,0.031013,0.024190,0.006972,0.009140,1449.11,1186.28
248,249.00,-0.5000,0.78606,0.81585,20.02,23.71,-0.01046,3.5687,3.5684,3.5704,0.031012,0.024201,0.006972,0.009151,1449.14,1185.63
249,250.00,-0.5000,0.78611,0.81705,20.02,23.70,-0.01092,3.5687,3.5726,3.5709,0.031011,0.024183,0.006972,0.009139,1449.17,1186.02
250,251.00,-0.5000,0.78617,0.81246,20.02,23.70,-0.00892,3.5688,3.5612,3.5683,0.031010,0.024232,0.006971,0.009178,1449.20,1184.03
251,252.00,-0.5000,0.78622,0.81564,20.02,23.69,-0.01022,3.5688,3.5749,3.5699,0.031010,0.024191,0.006971,0.009149,1449.23,1185.24
252,253.00,-0.5000,0.78628,0.81473,20.02,23.69,-0.00980,3.5688,3.5678,3.5693,0.031009,0.024198,0.006971,0.009156,1449.26,1184.77
253,254.00,-0.5000,0.78633,0.82231,20.02,23.68,-0.01291,3.5689,3.5855,3.5733,0.031008,0.024106,0.006970,0.009088,1449.28,1187.76
254,255.00,-0.5000,0.78639,0.82307,20.02,23.67,-0.01317,3.5689,3.5746,3.5735,0.031007,0.024093,0.006970,0.009081,1449.31,1187.97
255,256.00,-0.5000,0.78644,0.81679,20.02,23.67,-0.01056,3.5689,3.5590,3.5697,0.031007,0.024161,0.006970,0.009134,1449.34,1185.29
256,257.00,-0.5000,0.78650,0.81358,20.02,23.66,-0.00924,3.5690,3.5622,3.5679,0.031006,0.024194,0.006969,0.009161,1449.37,1183.88
257,258.00,-0.5000,0.78656,0.81937,20.02,23.65,-0.01153,3.5690,3.5812,3.5712,0.031005,0.024123,0.006969,0.009109,1449.40,1186.14
258,259.00,-0.5000,0.78661,0.81676,20.02,23.65,-0.01046,3.5691,3.5648,3.5695,0.031004,0.024149,0.006969,0.009131,1449.43,1184.98
259,260.00,-0.5000,0.78667,0.82107,20.02,23.64,-0.01212,3.5691,3.5797,3.5720,0.031003,0.024095,0.006968,0.009092,1449.46,1186.63
260,261.00,-0.5000,0.78672,0.81455,20.02,23.64,-0.00955,3.5691,3.5559,3.5680,0.031003,0.024167,0.006968,0.009148,1449.49,1183.88
261,262.00,-0.5000,0.78678,0.81367,20.02,23.63,-0.00919,3.5692,3.5657,3.5675,0.031002,0.024173,0.006967,0.009155,1449.52,1183.43
262,263.00,-0.5000,0.78683,0.81542,20.02,23.62,-0.00983,3.5692,3.5718,3.5686,0.031001,0.024149,0.006967,0.009138,1449.55,1184.04
263,264.00,-0.5000,0.78689,0.81572,20.02,23.62,-0.00993,3.5692,3.5693,3.5688,0.031000,0.024141,0.006967,0.009135,1449.57,1184.07
264,265.00,-0.5000,0.78694,0.81538,20.02,23.61,-0.00977,3.5693,3.5678,3.5685,0.031000,0.024141,0.006966,0.009137,1449.60,1183.83
265,266.00,-0.5000,0.78700,0.82034,20.02,23.60,-0.01161,3.5693,3.5813,3.5717,0.030999,0.024079,0.006966,0.009092,1449.63,1185.73
266,267.00,-0.5000,0.78706,0.83421,20.02,23.58,-0.01674,3.5693,3.6080,3.5805,0.030998,0.023912,0.006966,0.008968,1449.66,1191.23
267,268.00,-0.5000,0.78711,0.83756,20.02,23.57,-0.01791,3.5694,3.5889,3.5822,0.030997,0.023871,0.006965,0.008938,1449.69,1192.52
268,269.00,-0.5000,0.78717,0.83143,20.02,23.57,-0.01566,3.5694,3.5647,3.5775,0.030996,0.023934,0.006965,0.008990,1449.72,1189.85
269,270.00,-0.5000,0.78722,0.82907,20.02,23.56,-0.01478,3.5695,3.5705,3.5756,0.030996,0.023956,0.006965,0.009009,1449.75,1188.76
270,271.00,-0.5000,0.78728,0.83132,20.02,23.56,-0.01555,3.5695,3.5816,3.5769,0.030995,0.023928,0.006964,0.008988,1449.78,1189.61
271,272.00,-0.5000,0.78733,0.82492,20.02,23.55,-0.01328,3.5695,3.5581,3.5721,0.030994,0.023995,0.006964,0.009043,1449.81,1186.83
272,273.00,-0.5000,0.78739,0.82117,20.02,23.55,-0.01196,3.5696,3.5610,3.5694,0.030993,0.024033,0.006964,0.009074,1449.84,1185.18
273,274.00,-0.5000,0.78744,0.82388,20.02,23.54,-0.01288,3.5696,3.5774,3.5715,0.030993,0.023998,0.006963,0.009049,1449.86,1186.19
274,275.00,-0.5000,0.78750,0.82660,20.02,23.53,-0.01378,3.5696,3.5794,3.5734,0.030992,0.023963,0.006963,0.009024,1449.89,1187.20
275,276.00,-0.5000,0.78756,0.82146,20.02,23.53,-0.01202,3.5697,3.5578,3.5696,0.030991,0.024019,0.006962,0.009068,1449.92,1185.02
276,277.00,-0.5000,0.78761,0.82440,20.02,23.52,-0.01298,3.5697,3.5784,3.5718,0.030990,0.023980,0.006962,0.009041,1449.95,1186.11
277,278.00,-0.5000,0.78767,0.82611,20.02,23.51,-0.01353,3.5697,3.5769,3.5731,0.030990,0.023956,0.006962,0.009025,1449.98,1186.70
278,279.00,-0.5000,0.78772,0.82401,20.02,23.51,-0.01281,3.5698,3.5664,3.5714,0.030989,0.023977,0.006961,0.009043,1450.01,1185.76
279,280.00,-0.5000,0.78778,0.82769,20.02,23.50,-0.01399,3.5698,3.5828,3.5742,0.030988,0.023930,0.006961,0.009009,1450.04,1187.15
280,281.00,-0.5000,0.78783,0.82514,20.02,23.50,-0.01314,3.5699,3.5659,3.5721,0.030987,0.023956,0.006961,0.009031,1450.07,1186.03
281,282.00,-0.5000,0.78789,0.82854,20.02,23.49,-0.01421,3.5699,3.5829,3.5748,0.030986,0.023913,0.006960,0.009000,1450.10,1187.30
282,283.00,-0.5000,0.78794,0.82472,20.02,23.48,-0.01297,3.5699,3.5621,3.5716,0.030986,0.023953,0.006960,0.009032,1450.13,1185.66
283,284.00,-0.5000,0.78800,0.82634,20.02,23.48,-0.01345,3.5700,3.5768,3.5729,0.030985,0.023931,0.006960,0.009017,1450.16,1186.22
284,285.00,-0.5000,0.78806,0.82458,20.02,23.47,-0.01288,3.5700,3.5669,3.5715,0.030984,0.023948,0.006959,0.009031,1450.18,1185.42
285,286.00,-0.5000,0.78811,0.81922,20.02,23.47,-0.01120,3.5700,3.5536,3.5672,0.030983,0.024006,0.006959,0.009077,1450.21,1183.17
286,287.00,-0.5000,0.78817,0.82021,20.02,23.47,-0.01149,3.5701,3.5706,3.5682,0.030983,0.023991,0.006959,0.009067,1450.24,1183.47
287,288.00,-0.5000,0.78822,0.82705,20.02,23.45,-0.01357,3.5701,3.5912,3.5740,0.030982,0.023905,0.006958,0.009006,1450.27,1186.08
288,289.00,-0.5000,0.78828,0.82390,20.02,23.45,-0.01259,3.5702,3.5630,3.5713,0.030981,0.023939,0.006958,0.009032,1450.30,1184.73
289,290.00,-0.5000,0.78833,0.82153,20.02,23.44,-0.01186,3.5702,3.5630,3.5693,0.030980,0.023963,0.006958,0.009052,1450.33,1183.69
290,291.00,-0.5000,0.78839,0.81895,20.02,23.44,-0.01107,3.5702,3.5604,3.5673,0.030979,0.023990,0.006957,0.009074,1450.36,1182.57
291,292.00,-0.5000,0.78844,0.82537,20.02,23.43,-0.01295,3.5703,3.5897,3.5729,0.030979,0.023909,0.006957,0.009016,1450.39,1185.02
292,293.00,-0.5000,0.78850,0.82814,20.02,23.42,-0.01374,3.5703,3.5824,3.5752,0.030978,0.023873,0.006956,0.008991,1450.42,1186.04
293,294.00,-0.5000,0.78856,0.82567,20.02,23.41,-0.01300,3.5703,3.5661,3.5729,0.030977,0.023898,0.006956,0.009011,1450.45,1184.95
294,295.00,-0.5000,0.78861,0.82849,20.02,23.41,-0.01378,3.5704,3.5828,3.5753,0.030976,0.023862,0.006956,0.008985,1450.47,1186.00
295,296.00,-0.5000,0.78867,0.82650,20.02,23.40,-0.01320,3.5704,3.5678,3.5734,0.030976,0.023881,0.006955,0.009002,1450.50,1185.09
296,297.00,-0.5000,0.78872,0.82712,20.02,23.40,-0.01335,3.5705,3.5755,3.5739,0.030975,0.023870,0.006955,0.008995,1450.53,1185.26
297,298.00,-0.5000,0.78878,0.82583,20.02,23.39,-0.01297,3.5705,3.5689,3.5727,0.030974,0.023881,0.006955,0.009005,1450.56,1184.64
298,299.00,-0.5000,0.78883,0.82668,20.02,23.39,-0.01318,3.5705,3.5757,3.5734,0.030973,0.023868,0.006954,0.008997,1450.59,1184.90
299,300.00,-0.5000,0.78889,0.82441,20.02,23.38,-0.01255,3.5706,3.5647,3.5713,0.030973,0.023890,0.006954,0.009016,1450.62,1183.88
300,301.00,0.0000,0.78889,0.82501,20.02,23.37,-0.01272,3.5554,3.5620,3.5604,0.030972,0.023874,0.006954,0.009008,1450.62,1183.90
301,302.00,0.0000,0.78889,0.83116,20.02,23.29,-0.01427,3.5557,3.5847,3.5666,0.030972,0.023754,0.006954,0.008940,1450.62,1185.16
302,303.00,0.0000,0.78889,0.82282,20.02,23.37,-0.01247,3.5560,3.5312,3.5581,0.030972,0.023898,0.006954,0.009027,1450.62,1182.98
303,304.00,0.0000,0.78889,0.82006,20.02,23.39,-0.01196,3.5563,3.5461,3.5556,0.030972,0.023942,0.006954,0.009054,1450.62,1182.15
304,305.00,0.0000,0.78889,0.81701,20.02,23.41,-0.01147,3.5565,3.5415,3.5526,0.030972,0.023989,0.006954,0.009084,1450.62,1181.22
305,306.00,0.0000,0.78889,0.82162,20.02,23.36,-0.01210,3.5567,3.5767,3.5590,0.030972,0.023909,0.006954,0.009036,1450.62,1182.42
306,307.00,0.0000,0.78889,0.82028,20.02,23.37,-0.01195,3.5569,3.5523,3.5577,0.030972,0.023927,0.006954,0.009049,1450.61,1181.93
307,308.00,0.0000,0.78889,0.81864,20.02,23.37,-0.01180,3.5570,3.5490,3.5559,0.030972,0.023949,0.006954,0.009064,1450.61,1181.34
308,309.00,0.0000,0.78889,0.81865,20.02,23.37,-0.01181,3.5572,3.5565,3.5564,0.030972,0.023945,0.006954,0.009063,1450.61,1181.26
309,310.00,0.0000,0.78889,0.81913,20.02,23.36,-0.01183,3.5573,3.5597,3.5576,0.030972,0.023934,0.006954,0.009057,1450.61,1181.32
310,311.00,0.0000,0.78889,0.81889,20.02,23.36,-0.01182,3.5575,3.5565,3.5576,0.030972,0.023934,0.006954,0.009058,1450.61,1181.15
311,312.00,0.0000,0.78889,0.81724,20.02,23.36,-0.01181,3.5576,3.5475,3.5554,0.030972,0.023954,0.006954,0.009073,1450.61,1180.52
312,313.00,0.0000,0.78889,0.81838,20.02,23.35,-0.01180,3.5577,3.5633,3.5577,0.030972,0.023934,0.006954,0.009061,1450.61,1180.80
313,314.00,0.0000,0.78889,0.81819,20.02,23.34,-0.01180,3.5577,3.5567,3.5577,0.030972,0.023933,0.006954,0.009062,1450.61,1180.65
314,315.00,0.0000,0.78889,0.81780,20.02,23.34,-0.01182,3.5578,3.5553,3.5573,0.030972,0.023935,0.006954,0.009065,1450.61,1180.43
315,316.00,0.0000,0.78889,0.81744,20.02,23.34,-0.01185,3.5579,3.5551,3.5570,0.030972,0.023936,0.006954,0.009067,1450.61,1180.21
316,317.00,0.0000,0.78889,0.81904,20.02,23.32,-0.01171,3.5580,3.5690,3.5601,0.030972,0.023911,0.006954,0.009051,1450.61,1180.68
317,318.00,0.0000,0.78889,0.82080,20.02,23.31,-0.01152,3.5580,3.5735,3.5634,0.030972,0.023883,0.006954,0.009034,1450.61,1181.22
318,319.00,0.0000,0.78889,0.81678,20.02,23.32,-0.01206,3.5581,3.5323,3.5560,0.030972,0.023931,0.006954,0.009069,1450.61,1179.63
319,320.00,0.0000,0.78889,0.81766,20.02,23.31,-0.01193,3.5581,3.5632,3.5580,0.030972,0.023916,0.006954,0.009060,1450.61,1179.86
320,321.00,0.0000,0.78889,0.81596,20.02,23.31,-0.01221,3.5582,3.5445,3.5549,0.030972,0.023934,0.006954,0.009075,1450.61,1179.14
321,322.00,0.0000,0.78889,0.81500,20.02,23.31,-0.01239,3.5582,3.5474,3.5534,0.030972,0.023943,0.006954,0.009082,1450.61,1178.71
322,323.00,0.0000,0.78889,0.81608,20.02,23.30,-0.01218,3.5582,3.5628,3.5560,0.030972,0.023925,0.006954,0.009071,1450.60,1179.00
323,324.00,0.0000,0.78889,0.81420,20.02,23.30,-0.01258,3.5583,3.5403,3.5525,0.030972,0.023947,0.006954,0.009088,1450.60,1178.24
324,325.00,0.0000,0.78889,0.81466,20.02,23.29,-0.01248,3.5583,3.5569,3.5539,0.030972,0.023937,0.006954,0.009082,1450.60,1178.31
325,326.00,0.0000,0.78889,0.81486,20.02,23.28,-0.01243,3.5583,3.5560,3.5547,0.030972,0.023931,0.006954,0.009079,1450.60,1178.29
326,327.00,0.0000,0.78889,0.81481,20.02,23.28,-0.01244,3.5583,3.5545,3.5549,0.030972,0.023928,0.006954,0.009079,1450.60,1178.19
327,328.00,0.0000,0.78889,0.81449,20.02,23.27,-0.01253,3.5584,3.5522,3.5544,0.030972,0.023928,0.006954,0.009081,1450.60,1177.98
328,329.00,0.0000,0.78889,0.81442,20.02,23.27,-0.01255,3.5584,3.5541,3.5546,0.030972,0.023926,0.006954,0.009080,1450.60,1177.87
329,330.00,0.0000,0.78889,0.81622,20.02,23.26,-0.01196,3.5584,3.5722,3.5590,0.030972,0.023899,0.006954,0.009063,1450.60,1178.45
330,331.00,0.0000,0.78889,0.81553,20.02,23.25,-0.01221,3.5584,3.5522,3.5574,0.030972,0.023904,0.006954,0.009068,1450.60,1178.09
331,332.00,0.0000,0.78889,0.81611,20.02,23.25,-0.01199,3.5584,3.5634,3.5589,0.030972,0.023893,0.006954,0.009062,1450.60,1178.23
332,333.00,0.0000,0.78889,0.81434,20.02,23.24,-0.01271,3.5584,3.5406,3.5546,0.030972,0.023910,0.006954,0.009077,1450.60,1177.43
333,334.00,0.0000,0.78889,0.81785,20.02,23.23,-0.01123,3.5585,3.5916,3.5636,0.030972,0.023865,0.006954,0.009045,1450.60,1178.73
334,335.00,0.0000,0.78889,0.81530,20.02,23.23,-0.01240,3.5585,3.5358,3.5568,0.030972,0.023889,0.006954,0.009065,1450.60,1177.58
335,336.00,0.0000,0.78889,0.81610,20.02,23.22,-0.01202,3.5585,3.5658,3.5591,0.030972,0.023877,0.006954,0.009057,1450.60,1177.82
336,337.00,0.0000,0.78889,0.81586,20.02,23.22,-0.01214,3.5585,3.5564,3.5584,0.030971,0.023876,0.006954,0.009058,1450.60,1177.64
337,338.00,0.0000,0.78889,0.81695,20.02,23.21,-0.01158,3.5585,3.5708,3.5614,0.030971,0.023861,0.006954,0.009048,1450.60,1178.01
338,339.00,0.0000,0.78889,0.81659,20.02,23.21,-0.01177,3.5585,3.5572,3.5604,0.030971,0.023861,0.006954,0.009050,1450.59,1177.77
339,340.00,0.0000,0.78889,0.81676,20.02,23.20,-0.01168,3.5585,3.5623,3.5608,0.030971,0.023856,0.006954,0.009048,1450.59,1177.76
340,341.00,0.0000,0.78889,0.81801,20.02,23.20,-0.01094,3.5585,3.5757,3.5643,0.030971,0.023840,0.006954,0.009036,1450.59,1178.22
341,342.00,0.0000,0.78889,0.81852,20.02,23.19,-0.01063,3.5585,3.5704,3.5656,0.030971,0.023831,0.006954,0.009031,1450.59,1178.37
342,343.00,0.0000,0.78889,0.81741,20.02,23.18,-0.01135,3.5585,3.5512,3.5619,0.030971,0.023838,0.006954,0.009039,1450.59,1177.76
343,344.00,0.0000,0.78889,0.81698,20.02,23.18,-0.01164,3.5585,3.5563,3.5605,0.030971,0.023838,0.006954,0.009042,1450.59,1177.47
344,345.00,0.0000,0.78889,0.81574,20.02,23.17,-0.01247,3.5585,3.5445,3.5567,0.030971,0.023846,0.006954,0.009051,1450.59,1176.82
345,346.00,0.0000,0.78889,0.81639,20.02,23.16,-0.01203,3.5585,3.5652,3.5588,0.030971,0.023836,0.006954,0.009044,1450.59,1177.02
346,347.00,0.0000,0.78889,0.81700,20.02,23.16,-0.01162,3.5585,3.5667,3.5608,0.030971,0.023826,0.006954,0.009038,1450.59,1177.19
347,348.00,0.0000,0.78889,0.81781,20.02,23.16,-0.01105,3.5585,3.5714,3.5633,0.030971,0.023814,0.006954,0.009030,1450.59,1177.46
348,349.00,0.0000,0.78889,0.81730,20.02,23.15,-0.01142,3.5585,3.5562,3.5615,0.030971,0.023816,0.006954,0.009034,1450.59,1177.15
349,350.00,0.0000,0.78889,0.81886,20.02,23.15,-0.01025,3.5585,3.5826,3.5665,0.030971,0.023797,0.006954,0.009020,1450.59,1177.75
350,351.00,0.0000,0.78889,0.81886,20.02,23.14,-0.01025,3.5585,3.5661,3.5661,0.030971,0.023794,0.006954,0.009019,1450.59,1177.67
351,352.00,0.0000,0.78889,0.81829,20.02,23.13,-0.01072,3.5585,3.5577,3.5639,0.030971,0.023795,0.006954,0.009022,1450.59,1177.31
352,353.00,0.0000,0.78889,0.81718,20.02,23.12,-0.01164,3.5585,3.5477,3.5599,0.030971,0.023802,0.006954,0.009030,1450.59,1176.70
353,354.00,0.0000,0.78889,0.81626,20.02,23.12,-0.01240,3.5585,3.5468,3.5568,0.030971,0.023807,0.006954,0.009037,1450.59,1176.21
354,355.00,0.0000,0.78889,0.81558,20.02,23.11,-0.01296,3.5585,3.5473,3.5547,0.030971,0.023811,0.006954,0.009041,1450.58,1175.83
355,356.00,0.0000,0.78889,0.81583,20.02,23.11,-0.01276,3.5585,3.5586,3.5559,0.030971,0.023804,0.006954,0.009038,1450.58,1175.85
356,357.00,0.0000,0.78889,0.81501,20.02,23.10,-0.01342,3.5585,3.5445,3.5533,0.030971,0.023811,0.006954,0.009045,1450.58,1175.45
357,358.00,0.0000,0.78889,0.81548,20.02,23.10,-0.01304,3.5585,3.5604,3.5553,0.030971,0.023801,0.006954,0.009039,1450.58,1175.54
358,359.00,0.0000,0.78889,0.81655,20.02,23.09,-0.01217,3.5585,3.5706,3.5591,0.030971,0.023784,0.006954,0.009029,1450.58,1175.85
359,360.00,0.0000,0.78889,0.81665,20.02,23.08,-0.01209,3.5585,3.5607,3.5595,0.030971,0.023780,0.006954,0.009027,1450.58,1175.81
360,361.00,0.0000,0.78889,0.81644,20.02,23.08,-0.01227,3.5585,3.5564,3.5588,0.030971,0.023779,0.006954,0.009028,1450.58,1175.64
361,362.00,0.0000,0.78889,0.81627,20.02,23.07,-0.01242,3.5586,3.5563,3.5582,0.030971,0.023778,0.006954,0.009028,1450.58,1175.49
362,363.00,0.0000,0.78889,0.81603,20.02,23.07,-0.01264,3.5586,3.5546,3.5574,0.030971,0.023777,0.006954,0.009029,1450.58,1175.31
363,364.00,0.0000,0.78889,0.81673,20.02,23.06,-0.01200,3.5586,3.5682,3.5601,0.030971,0.023766,0.006954,0.009022,1450.58,1175.51
364,365.00,0.0000,0.78889,0.81670,20.02,23.06,-0.01203,3.5586,3.5595,3.5599,0.030971,0.023763,0.006954,0.009022,1450.58,1175.41
365,366.00,0.0000,0.78889,0.81626,20.02,23.05,-0.01245,3.5586,3.5531,3.5583,0.030971,0.023764,0.006954,0.009024,1450.58,1175.15
366,367.00,0.0000,0.78889,0.81642,20.02,23.05,-0.01229,3.5586,3.5608,3.5589,0.030971,0.023759,0.006954,0.009022,1450.58,1175.13
367,368.00,0.0000,0.78889,0.81692,20.02,23.04,-0.01180,3.5586,3.5668,3.5608,0.030971,0.023750,0.006954,0.009017,1450.58,1175.26
368,369.00,0.0000,0.78889,0.81705,20.02,23.04,-0.01167,3.5586,3.5629,3.5613,0.030971,0.023746,0.006954,0.009015,1450.58,1175.23
369,370.00,0.0000,0.78889,0.81718,20.02,23.03,-0.01154,3.5586,3.5632,3.5617,0.030971,0.023741,0.006954,0.009013,1450.58,1175.21
370,371.00,0.0000,0.78889,0.81662,20.02,23.03,-0.01213,3.5586,3.5524,3.5594,0.030971,0.023743,0.006954,0.009017,1450.58,1174.88
371,372.00,0.0000,0.78889,0.81696,20.02,23.02,-0.01176,3.5586,3.5651,3.5607,0.030971,0.023736,0.006954,0.009013,1450.57,1174.95
372,373.00,0.0000,0.78889,0.81761,20.02,23.02,-0.01107,3.5586,3.5714,3.5632,0.030971,0.023727,0.006954,0.009006,1450.57,1175.15
373,374.00,0.0000,0.78889,0.81677,20.02,23.01,-0.01200,3.5586,3.5488,3.5597,0.030971,0.023731,0.006954,0.009012,1450.57,1174.69
374,375.00,0.0000,0.78889,0.81642,20.02,23.00,-0.01237,3.5586,3.5539,3.5583,0.030971,0.023732,0.006954,0.009014,1450.57,1174.46
375,376.00,0.0000,0.78889,0.81669,20.02,23.00,-0.01209,3.5586,3.5628,3.5594,0.030970,0.023726,0.006954,0.009011,1450.57,1174.49
376,377.00,0.0000,0.78889,0.81655,20.02,23.00,-0.01223,3.5586,3.5572,3.5589,0.030970,0.023724,0.006954,0.009011,1450.57,1174.35
377,378.00,0.0000,0.78889,0.81575,20.02,22.99,-0.01312,3.5586,3.5453,3.5557,0.030970,0.023729,0.006954,0.009017,1450.57,1173.93
378,379.00,0.0000,0.78889,0.81549,20.02,22.99,-0.01340,3.5586,3.5516,3.5549,0.030970,0.023729,0.006954,0.009019,1450.57,1173.75
379,380.00,0.0000,0.78889,0.81680,20.02,22.98,-0.01199,3.5586,3.5769,3.5603,0.030970,0.023710,0.006954,0.009006,1450.57,1174.18
380,381.00,0.0000,0.78889,0.81571,20.02,22.97,-0.01320,3.5586,3.5418,3.5559,0.030970,0.023719,0.006954,0.009015,1450.57,1173.66
381,382.00,0.0000,0.78889,0.81515,20.02,22.97,-0.01382,3.5586,3.5466,3.5538,0.030970,0.023722,0.006954,0.009019,1450.57,1173.36
382,383.00,0.0000,0.78889,0.81542,20.02,22.96,-0.01352,3.5586,3.5586,3.5551,0.030970,0.023716,0.006954,0.009015,1450.57,1173.38
383,384.00,0.0000,0.78889,0.81494,20.02,22.96,-0.01405,3.5586,3.5472,3.5534,0.030970,0.023719,0.006954,0.009019,1450.57,1173.12
384,385.00,0.0000,0.78889,0.81505,20.02,22.96,-0.01393,3.5586,3.5556,3.5541,0.030970,0.023714,0.006954,0.009017,1450.57,1173.08
385,386.00,0.0000,0.78889,0.81594,20.02,22.95,-0.01296,3.5586,3.5693,3.5579,0.030970,0.023699,0.006954,0.009008,1450.57,1173.33
386,387.00,0.0000,0.78889,0.81539,20.02,22.94,-0.01358,3.5586,3.5485,3.5557,0.030970,0.023703,0.006954,0.009012,1450.57,1173.04
387,388.00,0.0000,0.78889,0.81570,20.02,22.94,-0.01322,3.5586,3.5613,3.5572,0.030970,0.023696,0.006954,0.009008,1450.57,1173.08
388,389.00,0.0000,0.78889,0.81621,20.02,22.93,-0.01263,3.5586,3.5661,3.5593,0.030970,0.023687,0.006954,0.009003,1450.56,1173.20
389,390.00,0.0000,0.78889,0.81553,20.02,22.93,-0.01344,3.5586,3.5472,3.5564,0.030970,0.023691,0.006954,0.009008,1450.56,1172.84
390,391.00,0.0000,0.78889,0.81583,20.02,22.92,-0.01308,3.5586,3.5618,3.5578,0.030970,0.023685,0.006954,0.009004,1450.56,1172.89
391,392.00,0.0000,0.78889,0.81640,20.02,22.92,-0.01239,3.5586,3.5681,3.5602,0.030970,0.023675,0.006954,0.008998,1450.56,1173.05
392,393.00,0.0000,0.78889,0.81611,20.02,22.91,-0.01275,3.5586,3.5549,3.5589,0.030970,0.023675,0.006954,0.009000,1450.56,1172.85
393,394.00,0.0000,0.78889,0.81575,20.02,22.91,-0.01320,3.5586,3.5522,3.5573,0.030970,0.023676,0.006954,0.009002,1450.56,1172.61
394,395.00,0.0000,0.78889,0.81602,20.02,22.90,-0.01286,3.5586,3.5623,3.5585,0.030970,0.023670,0.006954,0.008999,1450.56,1172.65
395,396.00,0.0000,0.78889,0.81589,20.02,22.90,-0.01303,3.5586,3.5560,3.5579,0.030970,0.023668,0.006954,0.008999,1450.56,1172.51
396,397.00,0.0000,0.78889,0.81664,20.02,22.89,-0.01207,3.5586,3.5719,3.5612,0.030970,0.023657,0.006954,0.008992,1450.56,1172.76
397,398.00,0.0000,0.78889,0.81597,20.02,22.89,-0.01295,3.5586,3.5484,3.5581,0.030970,0.023660,0.006954,0.008996,1450.56,1172.38
398,399.00,0.0000,0.78889,0.81661,20.02,22.88,-0.01212,3.5586,3.5701,3.5609,0.030970,0.023651,0.006954,0.008990,1450.56,1172.59
399,400.00,0.0000,0.78889,0.81662,20.02,22.88,-0.01210,3.5586,3.5610,3.5609,0.030970,0.023648,0.006954,0.008989,1450.56,1172.51
